cpf,transaction_description,transaction_date,points_value,monetary_value,status
14.648.700-47,Compra farmacia,2023-11-11,180,191.70,pending
21.498.874-00,Compra supermercado,2023-08-12,52,402.57,pending
6.067.414-68,Compra farmacia,2024-06-12,445,363.36,approved
16.814.741-70,Recarga celular,2025-04-19,312,727.28,approved
27.133.740-62,Assinatura streaming,2025-04-23,296,659.51,approved
19.722.577-26,Recarga celular,2023-09-23,45,765.72,approved
13.494.825-71,Bonus indicacao,2025-01-27,219,671.73,approved
19.419.086-95,Pagamento servico,2023-09-05,493,280.45,pending
14.525.458-55,Cashback compra,2025-03-05,141,736.71,pending
6.880.629-06,Recarga celular,2023-06-03,133,725.37,approved
15.274.743-77,Compra restaurante,2024-09-27,184,561.19,approved
11.208.448-74,Pagamento fatura,2023-12-27,20,287.43,pending
21.893.677-26,Compra farmacia,2023-03-22,379,513.93,pending
13.175.551-13,Pagamento boleto,2025-02-05,464,746.73,pending
11.683.402-29,Cashback compra,2025-04-26,115,738.07,rejected
19.450.434-13,Compra farmacia,2024-04-06,168,772.48,approved
12.231.102-46,Compra vestuario,2024-07-21,379,144.58,approved
5.307.856-90,Compra online,2023-06-16,306,567.33,approved
5.809.846-18,Compra farmacia,2024-08-15,70,428.94,pending
11.052.500-88,Pagamento boleto,2023-06-09,422,442.73,pending
15.723.087-25,Assinatura streaming,2024-09-14,151,520.19,approved
18.477.780-13,Estorno parcial,2023-06-19,311,121.80,approved
9.801.097-36,Recarga celular,2023-09-20,291,245.79,pending
16.367.732-46,Assinatura streaming,2024-02-18,313,626.20,pending
15.992.202-60,Cashback compra,2023-08-24,477,541.79,pending
19.098.216-01,Pagamento boleto,2023-04-19,341,597.43,approved
15.299.003-41,Compra vestuario,2023-10-14,479,407.20,pending
15.652.298-71,Estorno parcial,2024-10-24,201,378.24,approved
11.157.716-23,Compra vestuario,2023-07-31,150,247.85,rejected
12.058.752-70,Compra supermercado,2025-01-25,95,694.45,rejected
13.127.547-86,Pagamento boleto,2024-11-21,362,512.12,pending
10.995.804-10,Transferencia PIX,2024-11-06,69,443.79,pending
4.041.379-29,Cashback compra,2023-01-12,39,730.83,approved
19.269.359-22,Transferencia PIX,2023-06-18,27,605.22,pending
3.378.779-94,Pagamento servico,2024-08-27,96,497.12,approved
21.592.522-18,Compra supermercado,2023-07-26,382,48.22,pending
14.566.269-36,Compra farmacia,2024-07-14,42,151.27,pending
14.374.608-74,Bonus indicacao,2023-07-31,262,181.36,approved
7.840.340-92,Compra combustivel,2024-11-04,397,143.03,approved
12.211.695-49,Compra vestuario,2025-04-24,57,259.26,rejected
13.607.651-69,Compra farmacia,2024-04-24,219,186.12,approved
24.158.997-15,Recarga celular,2024-02-13,64,396.39,pending
11.239.613-49,Compra farmacia,2025-03-08,305,470.09,pending
16.773.191-49,Bonus indicacao,2023-06-22,359,133.18,approved
16.659.459-64,Assinatura streaming,2025-04-16,188,706.01,rejected
6.134.547-33,Compra combustivel,2023-07-21,248,145.06,approved
8.208.242-80,Transferencia PIX,2023-06-20,171,382.39,rejected
13.926.654-81,Compra supermercado,2023-02-25,443,490.97,approved
19.906.870-70,Bonus indicacao,2024-03-18,219,229.29,approved
14.900.983-41,Pagamento servico,2024-03-05,285,59.85,pending
7.604.701-25,Compra vestuario,2023-11-17,219,336.68,approved
17.477.140-06,Pagamento servico,2024-07-08,225,443.90,rejected
22.476.267-23,Pagamento boleto,2025-01-22,120,358.34,pending
20.833.040-52,Compra online,2023-04-08,388,213.08,rejected
15.384.682-55,Pagamento boleto,2023-09-28,250,254.92,approved
8.233.527-36,Compra restaurante,2023-07-13,101,426.02,approved
13.622.210-89,Compra farmacia,2023-05-10,426,280.52,approved
15.147.193-38,Pagamento fatura,2023-05-26,119,294.24,pending
8.151.126-93,Pagamento servico,2023-12-15,423,370.19,approved
2.652.177-05,Compra online,2024-11-30,341,565.57,pending
9.696.946-49,Transferencia PIX,2023-09-16,357,317.68,approved
5.841.054-11,Compra restaurante,2023-01-03,370,384.77,rejected
17.898.608-22,Compra combustivel,2024-05-26,476,619.85,pending
19.944.569-81,Pagamento boleto,2025-04-23,210,96.03,approved
15.045.629-63,Pagamento fatura,2024-03-28,320,211.46,approved
17.292.128-60,Transferencia PIX,2024-10-03,231,473.76,approved
12.667.085-05,Cashback compra,2024-09-24,428,108.76,pending
18.600.510-00,Pagamento servico,2025-03-26,290,15.31,pending
20.399.336-01,Compra combustivel,2024-05-21,146,421.79,approved
13.815.504-10,Compra supermercado,2024-05-04,90,243.67,approved
17.637.261-17,Compra restaurante,2024-05-02,270,576.93,rejected
14.227.374-93,Compra online,2025-01-15,66,175.55,approved
14.274.734-32,Estorno parcial,2024-10-26,27,78.85,pending
9.374.983-91,Bonus indicacao,2024-10-16,194,254.85,approved
22.069.268-05,Bonus indicacao,2023-05-30,370,348.09,approved
18.709.639-06,Recarga celular,2024-08-04,259,420.30,approved
5.743.965-15,Compra combustivel,2024-11-23,107,281.19,pending
8.274.356-47,Compra online,2024-01-05,424,150.68,pending
18.678.314-92,Estorno parcial,2023-03-18,38,249.59,rejected
18.289.433-93,Compra vestuario,2024-04-26,62,160.80,approved
14.752.916-85,Pagamento fatura,2023-05-29,381,700.28,rejected
3.829.830-14,Cashback compra,2024-01-14,126,382.76,rejected
18.171.917-97,Compra restaurante,2023-12-04,353,534.89,pending
11.133.292-32,Recarga celular,2025-02-25,196,604.09,approved
9.207.551-51,Compra restaurante,2024-06-28,398,676.69,approved
12.469.557-93,Bonus indicacao,2024-11-20,32,572.30,approved
7.718.033-83,Cashback compra,2023-06-21,336,322.13,approved
13.862.024-91,Assinatura streaming,2023-12-29,193,783.45,approved
20.322.630-88,Transferencia PIX,2025-02-10,162,153.91,approved
10.035.395-81,Compra restaurante,2024-02-27,385,424.05,pending
12.636.653-62,Pagamento boleto,2023-01-12,242,172.26,pending
14.426.101-26,Compra supermercado,2025-01-08,241,492.00,approved
16.986.316-00,Pagamento fatura,2023-12-18,314,467.49,pending
15.520.702-56,Compra farmacia,2024-12-19,120,231.57,approved
12.914.832-31,Transferencia PIX,2024-03-17,326,292.93,approved
6.988.396-83,Assinatura streaming,2023-08-24,464,384.19,approved
8.430.659-36,Compra vestuario,2025-03-03,476,231.79,approved
18.735.020-36,Compra combustivel,2024-02-20,49,20.87,rejected
11.677.574-37,Bonus indicacao,2023-01-18,223,256.49,approved
15.159.120-93,Cashback compra,2024-03-03,247,651.27,approved
15.493.133-91,Transferencia PIX,2023-11-03,331,566.64,rejected
11.851.859-48,Compra combustivel,2023-04-10,266,719.60,approved
15.202.060-47,Compra combustivel,2025-03-17,345,619.92,approved
8.588.939-94,Compra online,2023-06-05,247,20.47,pending
14.556.698-81,Pagamento boleto,2024-07-25,162,726.73,pending
12.558.951-80,Recarga celular,2025-01-15,59,568.50,approved
10.814.629-46,Compra supermercado,2025-01-24,458,603.67,pending
12.923.649-26,Bonus indicacao,2024-10-29,480,157.71,pending
16.985.688-15,Pagamento servico,2025-03-22,437,638.71,pending
21.453.535-66,Compra supermercado,2023-12-08,499,32.67,approved
15.076.199-39,Pagamento fatura,2024-04-22,168,308.27,rejected
16.891.981-07,Assinatura streaming,2024-04-13,294,105.70,pending
11.113.631-34,Transferencia PIX,2023-09-18,424,717.48,pending
4.450.677-63,Compra supermercado,2024-01-18,276,793.59,approved
18.839.721-75,Pagamento boleto,2024-12-09,354,544.76,approved
13.540.993-20,Estorno parcial,2024-07-25,95,702.88,approved
12.231.506-04,Pagamento boleto,2025-04-21,69,181.05,approved
13.032.311-48,Compra supermercado,2023-07-22,164,460.42,rejected
11.529.132-18,Compra supermercado,2024-07-26,292,376.79,approved
10.914.158-64,Pagamento boleto,2023-05-10,256,93.73,pending
11.865.613-37,Compra restaurante,2024-03-27,268,356.98,pending
9.960.269-40,Recarga celular,2023-10-04,409,587.95,approved
7.332.365-30,Compra farmacia,2024-09-09,184,656.65,approved
21.073.495-43,Pagamento servico,2024-12-10,122,612.70,approved
18.763.860-92,Compra combustivel,2024-10-18,91,308.85,pending
10.239.116-20,Compra supermercado,2024-04-30,346,136.40,approved
8.822.608-97,Compra combustivel,2023-03-01,250,790.56,approved
15.843.680-40,Compra farmacia,2024-06-07,90,117.78,approved
13.286.180-37,Pagamento boleto,2024-07-01,292,582.67,approved
14.652.918-12,Compra restaurante,2024-02-11,272,571.64,pending
20.867.051-09,Pagamento fatura,2025-03-05,130,742.60,rejected
12.126.273-13,Transferencia PIX,2025-01-05,10,659.84,approved
13.600.129-41,Pagamento boleto,2023-04-07,467,782.73,rejected
6.786.313-75,Transferencia PIX,2024-10-25,393,136.31,pending
4.650.705-06,Compra combustivel,2024-12-12,182,40.47,rejected
3.521.274-94,Cashback compra,2024-04-29,249,711.61,approved
23.852.764-20,Transferencia PIX,2023-09-23,25,412.58,pending
9.581.706-47,Transferencia PIX,2024-03-22,426,234.87,approved
20.338.628-04,Compra online,2023-11-30,129,194.58,approved
5.172.471-12,Estorno parcial,2024-07-22,204,651.75,pending
8.014.091-43,Compra restaurante,2024-11-02,308,21.39,approved
17.779.505-12,Bonus indicacao,2024-05-27,93,731.39,rejected
19.435.870-40,Compra restaurante,2024-09-09,404,393.34,pending
9.528.276-55,Pagamento servico,2023-01-19,138,54.60,rejected
9.987.831-92,Compra combustivel,2024-12-05,224,360.89,pending
21.265.043-80,Pagamento servico,2023-02-26,403,778.19,approved
12.970.831-30,Compra combustivel,2024-05-23,149,224.53,pending
12.110.182-61,Pagamento servico,2025-01-27,107,637.98,rejected
12.874.858-54,Recarga celular,2024-10-29,370,341.18,rejected
3.875.915-30,Compra farmacia,2025-01-18,74,283.57,rejected
21.237.234-87,Assinatura streaming,2023-04-10,89,25.19,pending
21.116.167-50,Compra vestuario,2023-03-08,220,345.89,rejected
12.896.521-00,Compra combustivel,2023-07-21,377,274.51,approved
10.798.001-69,Compra combustivel,2024-04-27,151,149.42,approved
11.754.038-47,Pagamento servico,2023-02-14,259,178.81,approved
17.500.349-97,Compra farmacia,2023-06-09,80,132.21,pending
17.542.819-32,Estorno parcial,2024-10-02,139,370.74,pending
14.622.362-01,Compra farmacia,2024-02-10,255,31.41,approved
24.093.455-93,Compra vestuario,2023-03-31,338,437.95,approved
5.334.887-04,Pagamento fatura,2023-12-21,425,548.80,approved
17.341.087-46,Compra combustivel,2023-05-22,402,91.16,approved
19.013.052-90,Pagamento fatura,2025-01-28,413,494.51,pending
12.775.492-33,Estorno parcial,2025-03-28,35,136.28,approved
13.814.516-88,Assinatura streaming,2023-01-10,445,432.81,approved
10.232.634-17,Bonus indicacao,2025-04-16,391,19.86,approved
6.779.520-65,Pagamento servico,2023-08-21,389,546.37,rejected
6.379.203-58,Compra online,2024-11-01,408,390.01,approved
12.905.254-08,Assinatura streaming,2023-08-25,398,416.40,approved
13.535.223-71,Compra vestuario,2024-04-20,158,516.75,pending
14.653.837-45,Recarga celular,2024-12-27,48,746.14,approved
14.807.571-74,Compra combustivel,2024-01-31,223,6.58,approved
16.260.084-33,Pagamento boleto,2023-08-04,162,206.85,rejected
23.726.669-61,Assinatura streaming,2023-05-03,146,447.46,approved
17.449.705-63,Estorno parcial,2024-01-30,433,53.23,approved
10.598.464-61,Bonus indicacao,2024-07-23,300,369.76,pending
10.691.441-75,Pagamento fatura,2023-04-19,320,659.98,approved
2.282.815-89,Compra vestuario,2024-06-30,99,382.49,approved
10.029.879-89,Compra combustivel,2023-04-12,108,556.93,approved
13.993.790-96,Estorno parcial,2023-09-03,340,53.21,rejected
22.954.770-48,Recarga celular,2024-04-14,318,563.54,approved
8.906.137-15,Compra supermercado,2024-05-16,377,524.69,approved
10.783.757-11,Compra restaurante,2025-02-02,380,114.78,pending
16.562.854-97,Bonus indicacao,2024-01-17,352,222.58,pending
17.139.840-78,Cashback compra,2024-12-29,290,597.77,pending
7.363.366-94,Transferencia PIX,2024-02-19,368,74.79,pending
8.710.994-89,Pagamento boleto,2023-04-12,274,524.55,rejected
14.257.438-64,Pagamento fatura,2025-02-13,164,62.80,rejected
10.452.075-03,Cashback compra,2024-12-22,380,410.86,approved
17.059.964-26,Estorno parcial,2025-02-21,424,179.21,approved
12.019.450-59,Transferencia PIX,2023-10-11,173,581.81,pending
5.139.798-61,Compra supermercado,2023-05-03,331,533.07,approved
11.961.476-65,Compra supermercado,2024-01-02,157,125.82,approved
9.600.457-65,Compra farmacia,2023-04-12,102,215.79,rejected
17.892.271-16,Pagamento boleto,2024-08-21,415,134.97,approved
11.990.515-78,Pagamento servico,2025-03-17,215,405.28,pending
9.844.777-67,Compra online,2023-08-13,378,779.95,approved
21.304.726-30,Compra vestuario,2024-04-16,294,227.57,pending
9.748.199-63,Compra farmacia,2023-11-08,331,157.62,approved
20.668.502-10,Pagamento boleto,2023-11-04,381,410.88,pending
14.667.086-97,Compra farmacia,2023-03-25,394,317.24,approved
6.190.780-75,Pagamento fatura,2024-03-16,45,769.81,pending
13.354.669-21,Compra vestuario,2024-02-03,88,204.19,approved
17.202.693-35,Compra online,2023-02-02,471,782.63,approved
10.959.318-10,Recarga celular,2023-02-01,100,649.86,approved
19.370.860-30,Transferencia PIX,2023-04-07,182,790.01,approved
13.050.509-28,Compra combustivel,2024-07-08,11,227.56,approved
13.124.722-32,Bonus indicacao,2023-02-08,137,5.45,pending
12.242.655-83,Transferencia PIX,2024-09-30,73,46.69,approved
19.164.885-20,Compra vestuario,2023-08-17,304,25.16,rejected
14.268.394-20,Pagamento boleto,2023-12-17,405,38.33,pending
10.739.266-27,Pagamento boleto,2023-09-05,281,637.31,approved
12.937.393-18,Cashback compra,2024-09-02,133,161.12,rejected
7.275.440-69,Estorno parcial,2023-07-14,425,530.18,approved
19.319.102-65,Compra vestuario,2023-08-11,192,123.24,rejected
18.804.177-35,Pagamento fatura,2024-11-10,466,558.96,approved
18.606.438-26,Compra combustivel,2025-02-05,491,357.27,pending
14.154.676-55,Bonus indicacao,2024-10-03,256,688.68,approved
13.380.477-39,Pagamento boleto,2023-01-13,48,51.24,pending
9.334.833-59,Compra farmacia,2023-09-18,412,176.96,approved
13.162.396-66,Pagamento fatura,2023-09-20,451,50.48,pending
20.620.094-76,Cashback compra,2025-01-07,180,288.97,pending
13.975.947-22,Transferencia PIX,2024-02-22,270,279.99,approved
21.713.056-88,Assinatura streaming,2023-08-20,444,61.25,rejected
15.067.517-53,Recarga celular,2023-12-26,91,642.36,pending
11.940.416-68,Compra combustivel,2024-05-27,499,516.93,rejected
13.471.493-03,Pagamento boleto,2023-11-05,467,671.39,approved
10.339.783-39,Pagamento fatura,2024-03-13,196,129.35,pending
8.487.908-93,Compra online,2025-03-08,174,200.60,pending
5.636.013-81,Recarga celular,2024-10-12,190,20.99,approved
19.850.940-63,Compra online,2023-12-19,375,553.99,approved
8.784.671-44,Bonus indicacao,2024-11-09,91,109.66,approved
6.879.269-30,Pagamento fatura,2024-02-06,196,373.85,pending
10.486.067-38,Recarga celular,2023-07-14,456,69.98,rejected
8.774.804-14,Compra farmacia,2024-12-31,197,586.69,approved
11.745.671-24,Transferencia PIX,2024-09-02,458,474.68,rejected
20.584.134-15,Pagamento fatura,2025-01-09,264,339.25,pending
10.031.096-54,Cashback compra,2023-08-14,444,598.53,approved
18.888.703-93,Estorno parcial,2023-10-02,140,369.71,rejected
9.548.258-66,Bonus indicacao,2025-03-12,223,272.13,pending
12.969.834-09,Pagamento servico,2025-03-27,492,730.19,approved
8.613.832-53,Pagamento boleto,2023-02-26,460,393.19,pending
9.436.776-26,Compra restaurante,2024-10-18,420,299.29,approved
11.989.762-24,Pagamento boleto,2024-06-28,268,644.11,approved
16.266.339-62,Estorno parcial,2024-08-02,496,764.15,approved
12.728.331-78,Assinatura streaming,2023-03-13,55,672.87,pending
9.305.802-65,Assinatura streaming,2023-04-06,370,775.04,rejected
20.938.018-68,Compra combustivel,2024-02-01,30,356.23,rejected
12.375.595-93,Recarga celular,2023-05-31,304,86.34,approved
11.495.040-40,Pagamento boleto,2023-05-01,55,248.02,approved
10.556.768-69,Compra vestuario,2023-12-03,225,555.50,pending
9.832.048-21,Compra vestuario,2023-06-23,208,507.06,pending
13.540.319-16,Cashback compra,2024-03-08,230,273.43,pending
18.170.857-95,Compra restaurante,2024-09-30,489,345.46,approved
12.040.679-53,Recarga celular,2024-02-29,375,429.11,approved
12.410.647-78,Compra combustivel,2023-06-11,194,737.57,pending
21.529.033-30,Pagamento fatura,2024-10-04,28,794.92,pending
15.125.567-15,Compra online,2023-05-06,472,611.03,approved
19.564.536-43,Cashback compra,2024-08-11,320,381.82,approved
21.425.226-91,Compra vestuario,2024-08-31,308,708.29,pending
25.799.810-43,Compra vestuario,2025-01-19,64,295.54,approved
14.254.110-01,Bonus indicacao,2024-09-26,55,470.59,pending
20.066.828-98,Recarga celular,2023-06-19,361,343.22,approved
11.420.449-59,Compra combustivel,2023-05-01,387,631.49,pending
8.974.428-30,Estorno parcial,2024-03-30,189,551.26,pending
11.894.995-59,Compra online,2024-08-27,216,174.28,pending
11.459.806-66,Compra farmacia,2024-07-20,87,366.80,approved
13.228.654-85,Compra combustivel,2023-12-05,195,222.15,pending
23.433.964-67,Pagamento servico,2023-12-05,397,38.19,approved
13.282.967-19,Compra supermercado,2024-04-15,122,517.30,pending
16.226.669-96,Compra vestuario,2023-11-30,471,722.01,rejected
17.774.306-17,Pagamento fatura,2023-09-20,276,135.95,rejected
13.880.329-16,Bonus indicacao,2023-03-14,205,602.05,pending
14.291.092-66,Compra combustivel,2024-11-22,51,557.48,pending
11.509.649-32,Estorno parcial,2024-08-02,420,88.26,approved
14.511.778-66,Estorno parcial,2024-01-25,31,645.85,pending
11.761.598-40,Estorno parcial,2024-12-11,377,575.01,pending
18.209.392-01,Compra restaurante,2025-01-05,19,336.98,approved
4.852.458-38,Compra online,2025-01-17,345,622.38,approved
4.181.536-94,Compra farmacia,2024-08-11,385,645.77,pending
18.258.448-41,Pagamento boleto,2025-03-05,214,335.17,approved
16.438.995-29,Pagamento boleto,2024-09-19,58,400.55,pending
12.880.923-16,Cashback compra,2023-06-24,278,689.17,approved
17.094.377-24,Compra vestuario,2024-11-05,325,490.98,pending
12.835.942-59,Estorno parcial,2024-02-02,286,417.07,approved
14.959.291-50,Compra online,2025-04-08,96,537.21,pending
16.232.773-49,Compra supermercado,2023-01-14,131,372.70,approved
13.672.532-72,Bonus indicacao,2023-05-03,151,19.29,approved
20.954.656-68,Compra farmacia,2023-03-16,81,349.11,pending
15.498.884-92,Bonus indicacao,2024-04-21,305,665.56,pending
12.570.375-03,Transferencia PIX,2024-03-29,155,228.66,pending
15.482.760-11,Pagamento fatura,2024-12-03,331,190.79,pending
5.239.378-42,Bonus indicacao,2023-10-21,401,696.18,approved
13.226.648-00,Pagamento servico,2023-01-13,256,14.05,approved
12.371.806-52,Compra online,2023-09-04,367,307.94,pending
6.567.699-88,Cashback compra,2024-09-13,413,305.19,approved
12.361.945-56,Compra supermercado,2025-02-04,406,571.49,pending
10.900.468-06,Compra combustivel,2024-01-23,19,581.00,approved
21.970.527-42,Bonus indicacao,2023-10-15,128,32.47,pending
14.725.981-56,Estorno parcial,2024-04-15,395,445.40,pending
7.447.213-55,Compra vestuario,2023-12-02,191,521.52,approved
12.206.276-69,Pagamento boleto,2025-03-08,191,566.83,approved
21.551.650-93,Compra vestuario,2023-07-04,263,342.41,approved
17.552.965-97,Transferencia PIX,2023-11-22,85,702.09,approved
10.845.405-88,Compra online,2024-09-11,300,109.68,approved
11.035.525-15,Compra vestuario,2025-03-19,52,275.22,pending
15.422.717-57,Compra online,2023-12-15,299,551.03,approved
13.625.340-87,Pagamento servico,2024-09-05,225,567.51,approved
1.875.965-73,Compra supermercado,2023-12-19,208,247.04,approved
10.053.654-90,Transferencia PIX,2025-04-27,338,488.83,pending
23.809.712-66,Compra restaurante,2024-05-11,253,484.50,rejected
16.240.545-68,Bonus indicacao,2024-03-17,310,198.91,approved
19.935.098-87,Compra restaurante,2025-04-30,172,271.67,pending
12.766.246-95,Pagamento servico,2024-07-22,373,531.45,rejected
15.437.699-14,Pagamento servico,2023-11-14,486,539.60,approved
19.208.450-53,Pagamento servico,2023-09-07,279,383.21,pending
9.627.459-32,Pagamento servico,2023-05-30,204,602.64,approved
11.504.342-17,Pagamento fatura,2023-03-19,150,250.91,pending
8.712.944-83,Estorno parcial,2023-02-02,304,641.68,approved
11.206.835-12,Compra online,2024-09-18,94,541.94,approved
16.356.306-69,Pagamento fatura,2024-03-11,183,346.38,pending
18.253.085-80,Compra farmacia,2024-07-31,451,658.20,rejected
20.374.062-95,Bonus indicacao,2024-06-13,21,330.78,approved
14.518.198-73,Compra restaurante,2025-03-25,489,608.11,approved
16.331.624-58,Pagamento fatura,2024-05-06,386,535.49,approved
14.925.919-14,Estorno parcial,2023-10-26,144,332.89,approved
21.375.468-03,Assinatura streaming,2023-04-20,241,42.15,approved
19.632.963-26,Pagamento boleto,2025-03-13,53,490.52,approved
9.191.213-28,Cashback compra,2023-07-19,442,752.06,pending
18.403.946-22,Recarga celular,2024-01-16,74,290.25,approved
9.905.280-13,Compra combustivel,2025-01-16,362,404.77,approved
11.564.938-67,Recarga celular,2023-02-20,132,426.87,approved
16.821.478-88,Compra farmacia,2024-07-22,182,42.29,approved
6.377.929-67,Assinatura streaming,2023-01-12,399,330.02,rejected
22.160.279-75,Compra restaurante,2023-01-15,237,684.51,approved
5.696.317-46,Compra combustivel,2023-11-17,417,208.94,pending
3.790.358-21,Cashback compra,2024-11-10,481,112.13,rejected
11.379.731-46,Pagamento servico,2024-07-29,28,672.28,approved
12.724.197-46,Compra restaurante,2025-02-06,308,445.24,approved
17.444.296-18,Recarga celular,2023-01-12,455,538.95,approved
12.917.645-28,Pagamento boleto,2024-09-26,357,270.11,approved
12.853.681-44,Bonus indicacao,2023-01-19,401,178.50,approved
1.189.025-50,Transferencia PIX,2024-06-13,139,183.81,approved
13.501.300-67,Pagamento servico,2025-02-22,66,617.07,approved
14.742.313-72,Cashback compra,2024-05-09,399,144.21,approved
8.217.798-45,Compra combustivel,2023-12-07,417,359.59,pending
8.304.228-82,Transferencia PIX,2024-08-04,395,746.22,pending
16.314.341-16,Compra farmacia,2023-10-12,494,697.61,approved
8.515.105-82,Estorno parcial,2023-10-04,423,347.02,approved
18.627.051-59,Compra combustivel,2024-08-05,309,149.43,rejected
9.563.145-50,Compra online,2024-05-26,242,369.21,pending
8.308.957-10,Pagamento fatura,2023-10-30,316,195.64,approved
3.902.619-15,Compra restaurante,2024-09-30,297,506.12,approved
14.653.942-60,Compra supermercado,2023-04-18,100,485.21,rejected
13.858.714-14,Pagamento fatura,2024-04-09,27,79.89,pending
13.578.225-11,Transferencia PIX,2025-04-27,17,705.28,approved
10.763.400-02,Compra combustivel,2023-07-01,205,383.53,approved
10.219.236-57,Compra farmacia,2023-04-09,292,521.88,pending
0.366.645-47,Compra vestuario,2023-08-13,115,78.00,rejected
20.837.827-31,Compra restaurante,2025-02-09,274,713.24,pending
22.035.065-97,Compra restaurante,2023-02-23,15,355.11,approved
15.534.648-44,Recarga celular,2023-08-01,85,367.32,pending
12.011.275-45,Bonus indicacao,2023-02-13,93,314.05,rejected
17.953.763-76,Bonus indicacao,2024-12-10,120,48.90,approved
10.580.863-59,Pagamento servico,2024-12-26,265,140.01,rejected
16.162.868-18,Pagamento fatura,2024-06-23,273,134.19,approved
15.485.695-54,Compra farmacia,2025-04-19,296,518.34,rejected
16.613.959-25,Compra restaurante,2024-09-30,455,223.23,rejected
11.244.179-08,Estorno parcial,2023-08-27,247,23.38,pending
2.617.398-96,Pagamento fatura,2023-08-02,124,663.88,rejected
22.696.883-69,Pagamento boleto,2025-04-30,468,164.92,approved
13.561.077-73,Recarga celular,2023-05-16,163,196.84,rejected
18.617.904-70,Bonus indicacao,2023-01-29,125,425.27,approved
15.421.182-12,Recarga celular,2024-10-18,339,701.47,pending
20.889.689-55,Pagamento fatura,2024-05-21,350,388.05,pending
6.437.848-88,Compra supermercado,2025-04-29,32,521.72,approved
9.111.987-33,Compra farmacia,2024-02-10,394,357.79,pending
18.588.456-38,Bonus indicacao,2023-08-26,408,487.92,approved
10.344.273-94,Compra restaurante,2024-07-24,288,504.63,approved
10.922.185-57,Compra online,2023-05-27,281,36.85,approved
13.977.988-09,Compra supermercado,2023-02-09,188,304.99,pending
12.636.926-05,Assinatura streaming,2025-03-10,237,571.85,approved
18.079.238-00,Cashback compra,2024-02-23,122,425.40,approved
7.133.629-71,Pagamento servico,2024-07-24,435,702.28,approved
13.341.456-41,Bonus indicacao,2024-02-16,137,250.56,approved
18.830.973-34,Assinatura streaming,2024-06-28,209,169.05,approved
5.725.021-87,Compra supermercado,2023-10-25,475,175.71,rejected
25.210.723-70,Compra online,2023-11-10,209,642.40,rejected
17.018.341-66,Pagamento fatura,2024-03-14,277,676.62,approved
2.150.162-50,Bonus indicacao,2023-10-27,420,123.88,rejected
16.104.559-85,Compra online,2024-08-11,286,581.67,rejected
17.179.555-50,Compra farmacia,2023-11-25,382,277.71,approved
10.553.008-89,Pagamento boleto,2023-08-28,102,663.81,approved
7.010.440-03,Pagamento servico,2025-04-23,111,249.29,pending
5.342.745-49,Compra vestuario,2024-09-12,410,381.14,approved
20.617.260-49,Compra online,2024-04-17,353,277.82,approved
17.440.037-46,Estorno parcial,2024-01-19,492,798.79,pending
20.275.032-54,Pagamento servico,2023-07-09,447,389.05,approved
10.154.072-63,Compra farmacia,2024-10-29,291,218.67,approved
17.537.978-66,Pagamento servico,2023-11-19,131,230.98,pending
15.174.522-78,Compra vestuario,2023-01-06,276,352.25,rejected
8.929.976-06,Compra online,2024-01-20,26,393.82,approved
16.606.080-49,Compra combustivel,2024-11-29,253,770.56,pending
26.091.893-23,Compra vestuario,2024-09-24,20,197.65,approved
22.860.954-23,Transferencia PIX,2024-12-08,422,56.50,approved
10.716.034-03,Transferencia PIX,2025-02-20,310,658.96,rejected
16.407.599-66,Compra online,2023-04-28,43,40.48,pending
5.864.071-63,Bonus indicacao,2023-11-08,308,565.08,pending
12.740.765-86,Compra restaurante,2024-05-02,98,280.40,approved
19.126.091-95,Compra combustivel,2024-05-22,58,146.83,pending
17.699.790-10,Compra vestuario,2025-01-29,158,509.81,pending
15.751.319-32,Cashback compra,2023-05-10,197,226.21,approved
12.675.630-52,Estorno parcial,2024-10-18,359,770.95,approved
13.082.633-58,Pagamento fatura,2023-05-31,155,723.26,rejected
18.876.602-25,Compra restaurante,2025-02-13,203,279.14,rejected
16.233.554-71,Cashback compra,2024-12-22,363,290.04,rejected
10.885.024-39,Cashback compra,2024-05-15,225,295.71,approved
12.456.697-30,Pagamento fatura,2025-03-07,449,511.47,approved
11.125.059-94,Pagamento servico,2023-12-18,74,169.67,rejected
19.567.133-43,Pagamento boleto,2024-12-30,195,129.03,approved
12.007.647-63,Compra restaurante,2025-02-15,464,773.97,pending
22.257.411-45,Compra combustivel,2023-11-05,470,175.77,approved
19.281.995-02,Pagamento servico,2023-11-02,206,596.41,approved
17.150.936-55,Estorno parcial,2023-06-11,399,184.00,approved
12.128.657-79,Compra vestuario,2025-01-28,128,566.28,pending
4.321.940-34,Pagamento servico,2024-12-22,149,318.64,approved
3.247.226-80,Pagamento servico,2024-08-09,478,415.17,approved
10.151.356-64,Compra online,2025-01-22,399,426.28,rejected
7.583.135-62,Compra vestuario,2023-07-27,487,578.46,approved
2.483.351-97,Pagamento servico,2023-04-17,60,477.49,approved
5.270.344-78,Pagamento fatura,2023-07-03,143,81.18,pending
13.164.100-33,Assinatura streaming,2023-06-20,54,540.73,approved
21.826.900-54,Compra restaurante,2024-11-03,409,632.98,approved
20.374.634-96,Cashback compra,2024-09-20,259,59.81,approved
15.762.733-34,Transferencia PIX,2024-02-08,375,199.80,approved
16.088.694-81,Pagamento servico,2024-01-01,397,706.42,approved
18.501.627-11,Bonus indicacao,2023-05-10,18,374.77,approved
21.413.143-07,Pagamento boleto,2023-11-05,288,176.76,approved
12.974.857-12,Bonus indicacao,2023-05-03,128,400.28,approved
16.846.631-36,Transferencia PIX,2023-09-06,293,369.75,pending
10.948.734-91,Estorno parcial,2023-05-10,476,752.29,rejected
7.050.893-69,Compra supermercado,2024-10-09,479,596.22,rejected
24.950.428-05,Compra supermercado,2024-01-21,31,763.25,approved
19.181.540-03,Cashback compra,2023-12-12,363,489.33,approved
10.928.229-44,Compra restaurante,2024-02-03,65,146.85,approved
17.676.505-53,Transferencia PIX,2024-11-03,163,232.98,pending
16.849.096-30,Cashback compra,2025-02-03,375,540.85,pending
10.492.240-15,Cashback compra,2023-04-17,396,431.70,approved
16.074.949-22,Pagamento fatura,2024-03-12,431,178.84,pending
11.824.163-64,Compra farmacia,2023-04-25,440,444.91,pending
9.405.511-26,Cashback compra,2024-10-13,266,295.92,approved
17.586.125-71,Pagamento boleto,2023-11-19,113,521.39,rejected
13.165.532-80,Pagamento fatura,2023-02-01,17,454.95,rejected
7.988.921-65,Compra combustivel,2025-01-01,299,697.25,approved
12.733.071-68,Cashback compra,2023-03-27,440,70.92,pending
12.722.599-07,Pagamento boleto,2023-06-12,308,561.38,pending
9.262.561-53,Assinatura streaming,2023-06-24,78,637.67,approved
19.423.957-79,Recarga celular,2023-03-12,23,349.64,rejected
7.318.164-66,Cashback compra,2025-04-22,159,268.13,approved
11.666.924-39,Pagamento servico,2025-02-23,344,548.38,rejected
11.841.615-67,Recarga celular,2024-07-24,422,203.25,approved
7.380.449-31,Pagamento servico,2024-03-12,141,413.38,approved
8.102.002-95,Compra restaurante,2024-10-02,422,49.30,pending
14.907.998-11,Compra farmacia,2023-08-02,237,60.46,rejected
14.886.553-98,Compra combustivel,2023-09-07,108,498.37,approved
15.726.692-97,Pagamento servico,2023-10-27,321,73.61,pending
23.963.745-54,Estorno parcial,2024-09-21,244,323.47,rejected
22.574.447-03,Compra combustivel,2024-01-21,318,216.18,approved
2.230.199-50,Compra supermercado,2024-12-07,225,372.14,pending
13.117.134-60,Transferencia PIX,2023-02-10,345,499.84,approved
11.572.153-41,Compra restaurante,2024-10-04,158,366.40,pending
10.725.169-35,Compra restaurante,2023-02-24,188,456.08,pending
9.499.283-22,Estorno parcial,2024-02-07,114,474.47,pending
21.324.813-05,Pagamento fatura,2024-03-02,95,224.71,approved
19.959.619-25,Cashback compra,2023-08-01,319,391.33,pending
9.513.424-61,Pagamento servico,2024-04-05,254,464.83,pending
14.513.519-92,Recarga celular,2024-05-22,481,763.51,rejected
18.821.928-37,Compra online,2023-01-20,168,170.36,pending
15.265.282-15,Compra restaurante,2023-02-16,70,761.75,pending
14.753.402-83,Compra combustivel,2024-02-28,16,322.67,approved
12.782.729-79,Transferencia PIX,2024-01-24,281,75.07,approved
16.635.107-21,Transferencia PIX,2024-07-11,375,233.90,approved
8.289.146-11,Pagamento fatura,2023-04-12,110,753.01,rejected
17.316.124-11,Assinatura streaming,2024-05-15,157,717.47,rejected
22.576.578-49,Pagamento boleto,2025-01-17,229,566.51,approved
16.370.349-07,Recarga celular,2024-03-08,149,300.50,approved
16.774.629-01,Compra online,2024-02-03,386,79.29,rejected
14.851.931-55,Recarga celular,2023-02-02,103,796.39,pending
15.506.583-78,Compra combustivel,2023-11-08,334,782.44,approved
23.570.551-26,Compra farmacia,2023-01-21,34,241.90,approved
9.622.344-16,Transferencia PIX,2023-04-25,361,631.26,approved
25.274.008-41,Compra combustivel,2023-08-23,404,126.67,approved
13.151.882-64,Bonus indicacao,2023-11-15,36,541.73,pending
20.920.419-54,Recarga celular,2024-10-20,186,794.72,approved
10.614.422-14,Estorno parcial,2023-06-15,492,791.21,approved
19.287.786-22,Pagamento boleto,2023-11-15,89,761.71,pending
14.355.755-77,Pagamento fatura,2023-12-14,384,752.89,rejected
9.885.819-62,Recarga celular,2023-05-03,429,259.75,approved
12.806.671-22,Compra supermercado,2024-05-16,385,624.34,pending
13.619.975-02,Compra restaurante,2024-11-16,216,735.61,approved
21.982.916-94,Transferencia PIX,2023-10-31,29,36.46,pending
14.706.395-84,Compra online,2024-06-04,199,723.83,approved
20.588.974-80,Recarga celular,2024-05-17,50,689.99,approved
10.850.954-63,Assinatura streaming,2023-11-29,393,762.37,approved
15.612.833-05,Compra online,2024-12-05,410,354.31,approved
19.827.737-34,Pagamento fatura,2024-07-06,187,161.43,approved
21.514.448-28,Compra vestuario,2023-03-15,209,110.75,rejected
7.699.028-07,Compra vestuario,2023-01-13,214,382.38,approved
16.896.804-16,Estorno parcial,2023-03-31,497,749.85,approved
15.633.576-52,Bonus indicacao,2023-02-24,283,409.63,pending
12.543.844-17,Bonus indicacao,2024-10-18,80,773.36,approved
9.919.742-92,Assinatura streaming,2025-02-03,344,418.29,pending
5.106.366-96,Assinatura streaming,2023-02-19,436,655.80,approved
21.619.343-73,Cashback compra,2024-08-26,215,214.76,pending
23.840.754-30,Compra restaurante,2023-05-25,163,178.84,approved
19.014.156-20,Compra restaurante,2024-05-03,77,464.25,pending
16.490.785-57,Compra online,2024-12-30,371,151.87,approved
16.176.611-40,Pagamento boleto,2024-07-12,205,415.92,approved
18.871.858-59,Compra online,2025-01-04,282,36.71,approved
13.312.054-85,Bonus indicacao,2024-09-19,73,504.89,approved
14.344.205-82,Compra vestuario,2024-07-16,175,260.16,pending
6.791.237-77,Compra supermercado,2023-11-22,232,379.81,approved
6.783.551-09,Pagamento boleto,2024-06-24,270,348.50,approved
18.209.739-62,Transferencia PIX,2024-07-31,268,626.68,approved
17.747.876-26,Compra farmacia,2023-12-02,378,614.97,pending
15.795.863-79,Compra restaurante,2023-01-06,498,661.00,approved
11.812.869-03,Cashback compra,2025-01-26,122,417.73,pending
14.938.138-91,Bonus indicacao,2024-11-15,74,470.10,rejected
8.437.759-52,Cashback compra,2023-06-14,170,140.78,pending
4.735.432-38,Bonus indicacao,2024-07-02,429,609.16,rejected
15.174.335-40,Compra combustivel,2023-09-14,473,335.30,pending
14.201.634-69,Compra restaurante,2023-04-08,440,632.81,rejected
8.315.240-00,Compra restaurante,2024-09-01,37,345.52,approved
14.570.056-70,Compra restaurante,2025-01-23,116,39.42,pending
9.314.893-38,Estorno parcial,2023-01-13,343,172.32,pending
19.882.072-51,Compra supermercado,2023-01-19,28,739.99,approved
27.212.036-52,Compra farmacia,2024-07-22,335,194.69,approved
10.530.662-53,Bonus indicacao,2023-07-21,240,135.11,approved
19.105.435-43,Bonus indicacao,2024-06-27,238,606.79,rejected
11.422.145-19,Bonus indicacao,2024-06-30,343,329.41,approved
14.378.483-44,Estorno parcial,2024-08-05,396,398.08,pending
20.659.908-88,Compra farmacia,2024-02-05,437,14.62,rejected
19.863.687-28,Transferencia PIX,2023-07-30,360,668.03,pending
7.710.277-28,Recarga celular,2024-02-06,347,442.07,approved
10.964.589-78,Recarga celular,2024-05-30,491,660.44,pending
23.564.010-02,Compra farmacia,2023-11-18,108,699.32,approved
18.078.545-38,Compra restaurante,2024-07-07,227,111.12,pending
4.728.431-72,Assinatura streaming,2025-04-19,289,254.19,approved
11.865.966-04,Transferencia PIX,2023-05-08,325,354.93,approved
14.933.951-45,Cashback compra,2024-04-13,80,590.72,approved
10.635.695-31,Compra vestuario,2023-11-18,142,410.77,approved
8.766.555-84,Transferencia PIX,2024-08-28,156,136.32,approved
13.296.619-35,Transferencia PIX,2024-03-21,149,147.75,pending
22.267.941-00,Estorno parcial,2023-11-13,151,576.67,approved
14.135.201-23,Compra restaurante,2023-03-20,370,575.60,pending
16.590.054-08,Pagamento boleto,2023-10-02,413,730.39,approved
10.980.643-53,Recarga celular,2023-11-11,182,512.23,pending
11.011.357-50,Compra supermercado,2024-10-04,263,139.16,pending
15.196.433-76,Compra supermercado,2023-03-27,156,317.57,approved
12.872.370-37,Recarga celular,2023-05-06,377,166.06,pending
19.487.594-70,Pagamento fatura,2023-03-14,226,667.28,approved
14.587.337-27,Cashback compra,2024-10-26,398,131.75,rejected
12.942.464-03,Transferencia PIX,2024-07-02,485,520.24,approved
15.071.044-59,Compra online,2023-06-15,57,188.28,approved
11.308.009-38,Recarga celular,2024-02-14,463,101.21,approved
10.364.555-99,Recarga celular,2023-05-26,265,366.28,pending
13.444.290-24,Pagamento servico,2023-06-08,360,308.48,approved
11.511.648-07,Assinatura streaming,2024-08-07,462,6.51,pending
18.559.165-68,Assinatura streaming,2023-06-18,375,692.98,approved
11.631.843-02,Assinatura streaming,2023-03-16,311,88.02,pending
6.219.781-42,Estorno parcial,2024-09-21,104,652.24,pending
12.756.318-26,Assinatura streaming,2024-06-04,373,17.01,approved
6.760.898-91,Estorno parcial,2023-07-23,426,107.04,approved
19.409.531-39,Recarga celular,2023-02-21,71,693.89,approved
16.322.961-17,Compra combustivel,2024-07-17,113,125.81,approved
18.390.769-27,Transferencia PIX,2023-12-07,444,741.23,approved
12.180.823-19,Bonus indicacao,2024-12-05,335,232.31,approved
13.623.504-24,Estorno parcial,2023-11-10,124,654.02,approved
11.991.524-99,Compra farmacia,2023-10-05,89,168.03,rejected
22.736.055-14,Compra farmacia,2024-07-21,430,333.63,pending
15.288.880-71,Transferencia PIX,2024-09-13,249,383.69,approved
14.789.209-97,Pagamento fatura,2023-03-24,234,607.74,approved
15.011.214-51,Recarga celular,2024-11-02,156,583.86,approved
4.691.569-59,Compra combustivel,2023-07-27,55,174.16,pending
14.602.670-14,Pagamento fatura,2023-02-11,173,317.76,approved
14.159.383-75,Pagamento servico,2025-01-26,340,180.38,rejected
14.414.541-26,Compra supermercado,2024-09-20,149,445.30,approved
8.686.975-80,Compra supermercado,2024-01-09,261,447.31,pending
16.504.230-53,Compra supermercado,2024-02-25,328,346.87,approved
15.728.182-32,Bonus indicacao,2024-04-22,338,583.09,approved
9.513.419-87,Recarga celular,2024-01-24,236,741.75,rejected
13.835.036-84,Recarga celular,2025-03-12,322,768.51,approved
14.834.350-83,Compra vestuario,2023-12-09,40,636.81,approved
15.307.200-82,Compra combustivel,2025-02-19,427,337.58,approved
13.533.709-80,Transferencia PIX,2023-02-22,204,168.75,approved
21.756.633-68,Pagamento boleto,2023-09-13,335,591.75,approved
19.204.104-35,Compra supermercado,2024-06-30,47,792.84,approved
15.569.184-24,Estorno parcial,2024-10-25,360,406.27,rejected
10.264.870-19,Compra farmacia,2023-02-13,263,30.52,rejected
18.210.084-24,Transferencia PIX,2024-11-30,479,547.38,approved
19.632.137-60,Transferencia PIX,2025-03-15,443,366.66,approved
19.213.279-38,Estorno parcial,2023-03-08,218,157.25,approved
15.357.648-14,Pagamento fatura,2025-03-01,393,695.24,approved
16.952.770-81,Pagamento boleto,2025-03-12,273,59.82,approved
9.308.891-59,Compra online,2024-11-26,497,94.68,approved
8.366.449-84,Pagamento boleto,2023-03-17,56,154.96,approved
20.665.132-92,Compra combustivel,2025-02-21,439,447.59,approved
8.899.776-56,Estorno parcial,2024-05-15,402,787.18,pending
10.851.475-72,Pagamento fatura,2024-01-18,289,465.73,pending
17.239.884-50,Cashback compra,2024-12-08,319,403.07,approved
12.323.786-31,Compra supermercado,2023-05-20,431,201.33,rejected
18.819.942-47,Compra vestuario,2023-11-04,460,124.58,rejected
16.966.627-35,Assinatura streaming,2024-05-08,161,224.87,pending
18.082.910-32,Pagamento fatura,2023-02-15,498,289.03,rejected
24.227.301-86,Compra vestuario,2023-06-26,25,375.41,approved
18.603.571-37,Pagamento servico,2023-03-22,288,674.86,pending
18.162.149-84,Pagamento fatura,2023-11-02,435,618.06,approved
17.195.859-71,Compra farmacia,2024-08-09,426,629.45,pending
13.316.016-29,Pagamento fatura,2024-03-26,215,466.36,approved
3.047.730-28,Bonus indicacao,2024-09-26,355,467.44,pending
20.091.987-62,Assinatura streaming,2024-08-14,68,561.25,pending
16.263.166-31,Recarga celular,2023-04-17,47,198.77,approved
22.113.458-04,Compra vestuario,2023-10-03,361,776.87,approved
17.637.499-62,Estorno parcial,2023-02-16,92,681.46,pending
11.012.357-46,Recarga celular,2024-01-24,497,52.27,rejected
11.719.457-61,Pagamento servico,2023-10-08,101,747.56,approved
16.700.046-23,Compra farmacia,2025-01-30,262,546.45,pending
19.819.886-61,Estorno parcial,2023-05-01,362,558.49,approved
17.537.762-59,Estorno parcial,2024-11-15,214,11.27,approved
15.274.808-92,Assinatura streaming,2024-05-23,132,315.30,pending
4.147.166-30,Cashback compra,2024-03-24,243,14.89,rejected
17.170.694-48,Pagamento fatura,2024-05-17,230,180.21,approved
16.254.623-21,Pagamento servico,2025-04-29,125,495.80,rejected
14.292.291-72,Compra online,2024-04-06,389,343.54,approved
16.691.640-69,Bonus indicacao,2025-02-06,428,412.60,pending
9.100.033-66,Compra supermercado,2023-01-30,300,669.10,pending
5.809.765-96,Assinatura streaming,2024-04-21,306,110.52,pending
3.986.803-07,Compra farmacia,2025-01-29,211,641.06,approved
13.959.712-48,Cashback compra,2024-10-09,207,752.21,approved
15.311.703-27,Assinatura streaming,2023-01-12,113,472.32,approved
12.887.762-24,Pagamento boleto,2024-09-17,358,426.81,approved
22.632.990-56,Recarga celular,2024-01-07,77,246.19,pending
13.047.068-53,Compra farmacia,2023-06-15,340,473.41,approved
10.347.453-77,Pagamento fatura,2023-03-17,466,661.42,approved
14.355.092-25,Pagamento boleto,2024-03-11,228,265.05,pending
18.050.315-16,Compra combustivel,2024-08-12,63,104.72,pending
12.806.031-01,Pagamento servico,2023-02-11,331,358.99,pending
17.919.710-84,Pagamento fatura,2023-02-19,159,643.59,approved
17.471.955-40,Pagamento servico,2024-12-30,249,782.53,pending
17.109.388-38,Transferencia PIX,2023-06-05,434,440.28,approved
15.795.460-18,Compra vestuario,2023-08-24,197,92.82,approved
11.477.045-13,Bonus indicacao,2023-12-31,138,632.45,pending
12.304.338-52,Compra combustivel,2025-04-24,355,492.07,pending
13.486.067-96,Pagamento fatura,2024-07-28,108,115.06,rejected
10.594.506-64,Assinatura streaming,2023-10-05,60,352.56,approved
16.156.076-36,Compra combustivel,2023-02-04,449,410.76,approved
15.089.340-48,Bonus indicacao,2023-05-16,396,102.37,rejected
10.593.583-83,Compra combustivel,2024-04-06,230,288.82,rejected
20.760.548-53,Assinatura streaming,2023-09-23,467,379.71,pending
9.419.729-28,Compra farmacia,2024-03-10,393,700.02,rejected
9.466.875-00,Transferencia PIX,2024-10-02,152,414.02,approved
12.246.332-34,Cashback compra,2023-07-11,90,110.89,approved
12.929.390-12,Pagamento fatura,2023-10-05,355,584.46,approved
18.517.315-39,Estorno parcial,2025-03-04,68,301.37,pending
14.071.312-17,Compra farmacia,2025-03-27,316,563.78,pending
20.799.630-15,Transferencia PIX,2023-08-15,41,594.21,pending
18.052.882-71,Pagamento boleto,2024-11-06,173,118.91,approved
8.756.452-16,Compra farmacia,2024-08-13,13,522.54,rejected
18.280.002-53,Pagamento fatura,2023-02-08,42,209.94,approved
14.446.574-07,Compra farmacia,2025-03-22,364,193.21,approved
11.001.591-94,Cashback compra,2024-07-23,484,515.26,pending
14.555.039-89,Pagamento servico,2025-04-02,172,11.76,approved
9.330.858-46,Assinatura streaming,2024-08-12,405,249.01,approved
16.140.174-94,Bonus indicacao,2023-03-25,341,308.49,approved
23.783.818-71,Pagamento boleto,2024-05-01,418,655.51,pending
11.040.895-35,Assinatura streaming,2024-09-24,78,126.95,pending
14.328.256-24,Cashback compra,2025-01-07,43,505.74,approved
16.129.733-60,Compra combustivel,2023-04-29,461,189.45,approved
21.729.762-32,Cashback compra,2024-06-16,437,677.90,pending
15.771.739-91,Pagamento servico,2023-01-29,68,149.81,approved
21.017.442-59,Compra farmacia,2025-04-18,40,219.93,rejected
23.700.178-74,Compra vestuario,2023-11-22,499,681.01,approved
4.901.172-42,Compra farmacia,2023-08-17,356,557.43,approved
12.085.513-78,Pagamento servico,2024-02-13,441,21.33,pending
15.512.494-85,Transferencia PIX,2023-03-08,299,72.29,approved
11.397.878-05,Pagamento boleto,2023-04-20,290,296.60,approved
8.530.633-07,Transferencia PIX,2025-02-11,17,112.75,approved
16.874.831-81,Compra restaurante,2023-10-22,36,754.21,pending
12.418.577-70,Compra farmacia,2024-11-17,323,731.06,approved
17.867.036-40,Estorno parcial,2023-07-15,174,607.87,pending
9.073.030-56,Compra online,2023-09-05,407,733.56,approved
9.635.622-26,Assinatura streaming,2025-03-26,21,729.29,approved
9.611.941-47,Cashback compra,2023-04-26,135,517.76,rejected
17.580.309-03,Compra farmacia,2023-07-12,384,596.23,approved
11.673.892-37,Pagamento servico,2024-04-21,265,734.31,approved
13.256.181-27,Bonus indicacao,2023-09-07,435,648.53,approved
10.435.257-91,Bonus indicacao,2023-03-31,254,54.73,pending
11.079.613-61,Pagamento servico,2024-11-05,209,502.32,approved
13.352.824-75,Compra online,2023-03-20,194,615.68,pending
14.698.250-40,Compra restaurante,2023-04-07,52,203.89,pending
26.464.229-16,Transferencia PIX,2024-02-10,125,294.59,approved
21.183.815-32,Pagamento fatura,2023-12-08,103,78.19,pending
16.893.680-36,Compra farmacia,2025-02-08,392,695.80,rejected
18.914.406-61,Assinatura streaming,2023-07-19,360,429.40,approved
23.756.393-47,Bonus indicacao,2023-01-04,60,21.04,rejected
22.883.378-32,Estorno parcial,2023-07-29,277,639.68,pending
15.051.171-61,Compra supermercado,2023-08-11,376,569.87,approved
14.087.515-56,Compra online,2023-12-12,122,165.72,approved
17.892.543-61,Cashback compra,2023-07-08,377,29.90,approved
11.243.298-82,Recarga celular,2024-01-23,260,534.77,approved
9.200.512-32,Transferencia PIX,2024-11-18,442,637.62,pending
16.365.995-07,Compra restaurante,2024-06-15,492,154.33,pending
6.066.325-11,Transferencia PIX,2024-11-07,148,160.07,approved
13.799.910-19,Recarga celular,2024-02-01,362,509.66,pending
6.558.201-11,Transferencia PIX,2024-04-06,479,686.33,rejected
16.170.854-55,Compra vestuario,2023-07-15,163,607.54,approved
13.349.183-66,Compra online,2024-12-08,284,444.39,rejected
14.804.458-24,Cashback compra,2025-03-07,414,661.93,rejected
6.124.599-63,Pagamento fatura,2024-11-20,226,638.21,pending
17.092.364-61,Compra restaurante,2023-05-29,177,380.82,approved
13.116.652-10,Compra vestuario,2023-09-16,295,174.96,approved
13.453.222-14,Bonus indicacao,2023-06-03,248,426.34,rejected
13.901.159-23,Bonus indicacao,2024-02-03,229,254.43,approved
15.019.182-60,Cashback compra,2023-11-23,50,81.81,rejected
16.313.367-38,Recarga celular,2024-07-29,453,324.94,approved
9.067.312-22,Assinatura streaming,2023-12-23,141,429.58,approved
19.939.583-36,Compra combustivel,2023-12-03,360,752.10,approved
9.254.384-42,Compra combustivel,2024-02-16,88,630.28,approved
19.557.109-93,Compra vestuario,2023-03-13,184,244.29,approved
10.306.760-72,Assinatura streaming,2025-04-04,243,798.53,rejected
12.031.259-42,Assinatura streaming,2023-06-20,308,133.75,rejected
3.489.275-28,Pagamento servico,2023-04-02,197,430.68,approved
22.685.360-40,Compra online,2024-08-30,56,104.87,pending
18.758.370-61,Pagamento boleto,2023-07-26,24,86.89,pending
12.396.510-69,Compra combustivel,2024-07-31,386,171.86,rejected
17.060.600-90,Pagamento fatura,2023-12-01,198,610.94,pending
4.286.618-78,Compra supermercado,2023-07-08,337,662.43,approved
10.584.551-31,Compra vestuario,2023-11-20,320,647.13,approved
17.826.683-07,Pagamento servico,2024-08-02,475,403.65,pending
6.252.488-93,Compra online,2024-12-09,76,456.56,pending
15.990.949-79,Compra combustivel,2024-10-16,404,716.60,rejected
10.601.153-77,Transferencia PIX,2023-05-02,210,735.10,approved
14.725.849-07,Estorno parcial,2023-01-17,48,676.00,rejected
13.468.156-95,Bonus indicacao,2025-04-23,289,99.15,rejected
9.827.710-87,Pagamento boleto,2024-08-24,377,622.25,approved
16.289.408-94,Pagamento boleto,2023-07-11,70,635.52,approved
16.379.274-56,Compra supermercado,2023-07-21,213,585.46,approved
13.697.391-21,Assinatura streaming,2023-05-05,45,212.90,pending
9.968.624-85,Pagamento fatura,2024-01-26,317,618.50,rejected
13.688.023-51,Compra combustivel,2023-12-05,327,150.60,rejected
24.476.496-38,Recarga celular,2023-04-20,307,791.76,approved
10.071.414-33,Compra restaurante,2024-09-17,36,67.78,approved
7.481.734-02,Assinatura streaming,2025-01-18,356,353.19,pending
15.063.512-57,Cashback compra,2023-05-09,157,299.40,approved
15.822.851-76,Recarga celular,2023-11-06,180,134.80,approved
8.060.997-46,Pagamento boleto,2023-07-28,135,112.99,approved
9.372.633-66,Compra vestuario,2024-01-02,108,90.11,approved
6.480.712-79,Assinatura streaming,2024-11-01,304,368.16,pending
17.958.105-40,Recarga celular,2024-02-09,212,588.91,pending
10.975.168-14,Compra supermercado,2025-03-08,455,292.29,approved
12.320.371-90,Pagamento servico,2023-11-30,36,462.52,pending
7.392.221-88,Compra vestuario,2024-10-20,271,280.65,approved
16.635.055-31,Compra supermercado,2023-10-30,456,226.81,rejected
14.714.914-08,Pagamento fatura,2023-02-26,442,297.07,approved
19.070.827-04,Transferencia PIX,2025-03-01,354,251.05,approved
14.047.332-01,Pagamento boleto,2025-04-20,417,226.59,approved
20.977.279-99,Compra online,2023-07-22,88,737.11,approved
16.663.434-14,Assinatura streaming,2024-11-07,336,194.30,approved
20.699.665-62,Assinatura streaming,2023-05-20,176,463.41,rejected
14.078.336-63,Compra farmacia,2024-12-18,141,151.02,approved
6.176.503-91,Compra farmacia,2023-01-08,394,702.68,approved
20.432.175-84,Compra vestuario,2023-03-02,110,348.75,approved
17.013.726-73,Compra combustivel,2024-05-20,43,646.61,rejected
16.571.770-97,Transferencia PIX,2023-04-04,152,303.18,pending
16.320.925-80,Bonus indicacao,2023-11-26,300,719.13,approved
15.525.747-81,Pagamento servico,2025-01-19,230,369.50,pending
9.057.092-49,Pagamento fatura,2024-03-08,395,31.79,approved
5.976.043-75,Assinatura streaming,2025-04-15,56,472.81,approved
18.520.283-09,Compra supermercado,2023-04-08,265,648.84,pending
22.346.656-72,Bonus indicacao,2024-11-27,95,575.12,rejected
13.885.794-88,Pagamento fatura,2024-04-29,362,771.95,approved
14.765.188-25,Compra combustivel,2024-10-06,404,301.43,approved
19.860.830-11,Pagamento boleto,2024-04-16,300,647.36,approved
14.280.158-89,Transferencia PIX,2025-03-22,245,131.37,approved
22.634.785-35,Compra farmacia,2024-04-14,365,660.14,rejected
15.676.511-78,Compra online,2024-10-03,331,744.27,approved
12.148.109-77,Compra farmacia,2024-01-31,390,38.61,pending
11.388.792-65,Bonus indicacao,2025-03-02,387,621.70,pending
8.651.585-73,Transferencia PIX,2024-09-26,115,775.86,pending
9.358.293-68,Pagamento boleto,2023-12-09,113,450.73,approved
7.077.293-75,Compra combustivel,2023-07-03,413,182.59,approved
21.603.732-97,Compra restaurante,2025-01-06,195,503.58,approved
15.739.502-38,Compra vestuario,2024-08-05,178,732.87,rejected
14.423.151-26,Compra vestuario,2023-05-11,470,533.65,approved
19.731.644-73,Bonus indicacao,2025-01-01,410,121.08,pending
11.080.385-09,Compra farmacia,2024-12-16,431,44.38,pending
11.609.479-85,Pagamento fatura,2024-12-19,457,502.76,approved
16.287.267-01,Compra farmacia,2024-08-30,397,360.24,approved
9.906.397-33,Transferencia PIX,2023-05-10,20,303.30,approved
13.782.440-10,Compra combustivel,2023-05-01,135,6.33,approved
21.007.451-55,Compra online,2023-08-25,362,617.67,pending
25.039.481-76,Recarga celular,2024-10-27,216,423.82,rejected
15.763.937-93,Estorno parcial,2024-04-11,368,764.52,approved
1.246.105-68,Compra online,2024-02-26,246,481.54,rejected
17.037.688-70,Assinatura streaming,2024-11-21,379,229.01,approved
19.364.291-33,Compra online,2023-08-30,90,324.88,rejected
17.480.000-50,Compra farmacia,2024-11-01,122,273.39,approved
14.549.157-71,Assinatura streaming,2025-02-01,194,248.51,approved
18.150.267-53,Bonus indicacao,2024-02-17,375,213.44,approved
13.017.623-24,Transferencia PIX,2023-01-20,324,400.54,rejected
12.963.227-89,Compra supermercado,2023-07-31,257,762.73,approved
13.825.372-43,Recarga celular,2023-11-21,378,776.45,pending
11.524.810-37,Assinatura streaming,2023-12-10,471,565.06,pending
23.219.494-65,Compra combustivel,2023-07-15,415,643.38,approved
9.157.365-86,Assinatura streaming,2024-02-08,384,746.70,pending
5.085.044-49,Cashback compra,2024-09-11,64,360.53,approved
12.942.379-55,Compra restaurante,2023-05-04,483,83.69,approved
11.143.631-23,Compra vestuario,2024-07-25,13,668.60,approved
13.296.777-83,Estorno parcial,2023-04-05,341,484.18,pending
11.218.793-98,Estorno parcial,2024-05-11,120,308.48,approved
2.961.713-17,Compra combustivel,2023-08-11,181,460.73,rejected
13.225.154-25,Compra vestuario,2023-07-16,140,617.49,approved
6.795.924-01,Pagamento boleto,2024-08-27,333,233.25,pending
17.650.432-93,Estorno parcial,2024-08-17,465,272.90,approved
22.373.384-27,Estorno parcial,2023-01-17,442,472.01,rejected
2.645.409-37,Pagamento fatura,2023-07-06,143,370.70,pending
19.989.967-26,Compra farmacia,2024-11-15,447,38.82,approved
12.185.790-88,Cashback compra,2024-07-08,377,506.83,approved
11.693.868-85,Recarga celular,2024-10-21,405,73.78,pending
21.576.844-23,Compra farmacia,2023-10-31,194,581.77,pending
16.523.267-48,Assinatura streaming,2024-05-28,315,535.28,pending
9.578.888-29,Estorno parcial,2023-01-19,107,329.45,rejected
10.104.854-62,Pagamento boleto,2024-07-11,401,307.98,pending
21.698.417-16,Pagamento boleto,2023-10-16,207,334.28,rejected
20.110.729-04,Pagamento boleto,2024-05-10,107,75.54,approved
22.995.081-37,Recarga celular,2023-09-13,343,375.76,approved
20.478.544-60,Compra supermercado,2024-09-15,317,339.74,rejected
18.951.377-94,Compra farmacia,2023-03-06,103,612.49,approved
13.168.379-36,Compra combustivel,2024-11-08,58,390.67,pending
16.351.034-47,Pagamento boleto,2023-03-08,413,735.68,pending
16.644.263-93,Compra vestuario,2023-09-14,145,647.03,rejected
20.541.914-72,Compra restaurante,2023-11-14,433,221.54,approved
14.719.944-85,Compra farmacia,2024-08-08,55,12.20,pending
16.364.121-33,Bonus indicacao,2025-04-03,165,483.91,approved
15.959.887-48,Compra supermercado,2024-02-28,414,492.20,pending
22.273.256-26,Estorno parcial,2024-09-06,379,76.04,pending
19.280.426-00,Compra vestuario,2025-03-11,251,445.77,rejected
13.576.259-58,Compra vestuario,2023-12-01,199,742.94,approved
13.117.271-78,Pagamento servico,2024-09-17,166,518.59,approved
8.903.322-81,Compra restaurante,2024-05-09,288,711.41,approved
8.788.434-60,Compra supermercado,2025-04-14,407,343.58,pending
9.578.801-33,Transferencia PIX,2023-02-06,273,572.56,rejected
12.906.875-99,Pagamento servico,2024-08-19,364,123.64,pending
21.478.414-56,Recarga celular,2024-03-26,122,61.02,pending
13.310.865-30,Assinatura streaming,2023-06-19,81,593.72,pending
13.670.742-15,Assinatura streaming,2023-07-31,221,195.24,approved
8.355.668-44,Compra farmacia,2024-10-08,301,430.12,pending
23.377.295-91,Compra vestuario,2024-03-26,137,254.35,approved
15.444.607-96,Compra farmacia,2023-02-05,480,200.54,approved
12.906.512-83,Cashback compra,2023-03-01,19,690.76,rejected
12.396.976-40,Compra restaurante,2024-03-29,342,659.13,approved
13.359.723-38,Transferencia PIX,2024-10-21,131,662.22,rejected
14.027.432-54,Estorno parcial,2024-02-03,225,134.21,rejected
14.675.845-45,Pagamento fatura,2024-07-31,183,724.46,pending
8.307.649-34,Cashback compra,2023-09-11,142,369.27,approved
10.190.260-21,Bonus indicacao,2024-08-07,379,693.05,pending
9.854.145-55,Compra supermercado,2024-05-24,149,24.23,pending
11.484.753-50,Compra online,2024-10-30,168,74.36,rejected
11.884.105-40,Estorno parcial,2023-01-04,400,170.22,rejected
9.685.535-20,Pagamento boleto,2024-10-12,350,518.18,pending
13.143.546-14,Compra restaurante,2023-06-03,197,685.56,pending
21.494.547-39,Compra combustivel,2023-08-05,130,539.72,approved
20.810.776-00,Cashback compra,2024-03-13,213,175.29,pending
12.717.129-61,Pagamento boleto,2024-05-12,162,708.22,approved
13.958.858-05,Compra online,2023-03-15,155,104.37,approved
11.497.090-03,Cashback compra,2024-08-22,329,486.38,approved
17.161.435-75,Pagamento servico,2024-08-26,216,682.39,approved
17.193.726-40,Estorno parcial,2023-01-18,162,535.80,rejected
11.003.635-38,Recarga celular,2024-11-21,30,307.83,approved
24.743.467-25,Estorno parcial,2024-11-14,392,448.59,approved
15.314.363-98,Compra restaurante,2024-07-27,31,124.08,pending
15.617.587-50,Pagamento servico,2023-07-20,183,366.12,pending
12.235.967-80,Cashback compra,2023-05-14,385,310.71,approved
11.582.141-63,Cashback compra,2023-03-30,374,715.80,approved
12.616.140-72,Compra vestuario,2025-02-25,205,170.02,pending
9.778.346-44,Estorno parcial,2024-01-06,175,546.25,rejected
15.604.682-43,Compra online,2025-02-12,227,590.22,approved
12.639.353-25,Pagamento servico,2024-01-04,425,238.29,approved
17.639.079-06,Bonus indicacao,2023-12-30,127,190.19,pending
14.333.873-14,Recarga celular,2024-05-14,388,70.70,approved
21.829.670-90,Compra online,2023-07-23,115,237.99,approved
12.366.927-24,Estorno parcial,2023-01-09,492,157.63,pending
15.295.125-95,Compra supermercado,2024-08-31,93,232.56,approved
20.481.696-48,Compra farmacia,2023-04-01,63,277.32,approved
15.764.934-96,Compra vestuario,2024-01-20,86,423.75,approved
15.245.092-74,Compra combustivel,2023-02-08,108,615.88,approved
8.204.628-67,Recarga celular,2024-03-01,155,725.94,rejected
18.482.535-55,Compra farmacia,2024-06-25,453,503.45,pending
12.253.518-49,Bonus indicacao,2024-06-01,54,532.23,rejected
7.313.921-19,Pagamento fatura,2023-02-10,59,130.33,approved
18.947.922-81,Pagamento fatura,2023-07-29,427,766.76,approved
13.952.841-92,Cashback compra,2024-12-31,218,314.80,approved
13.371.653-13,Pagamento servico,2025-01-03,459,76.45,pending
18.455.230-32,Cashback compra,2024-05-13,72,25.92,approved
15.485.048-92,Transferencia PIX,2023-07-27,133,251.43,approved
5.221.925-66,Transferencia PIX,2023-04-28,34,472.41,rejected
10.534.841-72,Cashback compra,2024-05-21,487,387.98,pending
7.528.523-33,Pagamento servico,2025-04-23,49,740.53,approved
12.530.488-26,Cashback compra,2023-05-14,219,534.19,rejected
12.216.138-42,Bonus indicacao,2024-10-20,413,761.76,approved
10.314.292-60,Pagamento servico,2024-12-05,112,264.75,rejected
14.679.772-79,Estorno parcial,2024-10-23,436,725.61,pending
11.149.491-45,Cashback compra,2023-12-20,92,797.77,pending
10.375.465-85,Compra farmacia,2023-06-14,164,503.35,approved
13.827.638-26,Compra vestuario,2025-04-23,406,90.81,approved
8.502.882-86,Compra restaurante,2023-07-25,426,477.87,approved
9.702.685-59,Compra supermercado,2024-04-23,151,477.28,approved
17.310.212-15,Compra restaurante,2024-08-28,292,652.78,pending
7.029.596-39,Transferencia PIX,2024-11-30,242,669.31,pending
18.944.380-10,Pagamento servico,2024-10-22,229,528.33,pending
0.059.009-27,Pagamento servico,2024-04-14,112,110.18,rejected
18.406.258-90,Assinatura streaming,2024-03-04,394,719.32,approved
2.498.563-24,Pagamento boleto,2025-04-15,275,306.09,approved
10.586.648-66,Pagamento boleto,2024-08-17,414,345.51,approved
17.161.397-14,Pagamento fatura,2024-05-20,314,482.08,pending
6.521.887-97,Pagamento fatura,2024-09-19,390,240.40,pending
15.017.966-59,Cashback compra,2025-02-12,432,564.13,approved
24.839.894-96,Cashback compra,2023-09-04,432,99.12,pending
18.834.854-54,Recarga celular,2023-03-10,68,571.12,approved
12.212.695-92,Estorno parcial,2023-05-26,319,542.62,approved
14.540.463-14,Compra combustivel,2023-01-19,36,668.24,approved
13.241.673-99,Compra combustivel,2023-11-07,427,389.63,approved
19.109.118-48,Pagamento servico,2023-02-15,89,209.15,rejected
17.146.096-92,Compra vestuario,2023-01-24,407,704.32,approved
8.572.139-22,Compra farmacia,2024-12-15,214,66.39,rejected
11.422.723-13,Assinatura streaming,2024-11-10,320,402.37,rejected
5.900.475-33,Estorno parcial,2024-09-01,118,438.10,rejected
22.632.790-78,Transferencia PIX,2024-10-22,30,796.95,pending
10.809.242-31,Estorno parcial,2023-01-10,39,196.55,approved
6.698.333-60,Pagamento boleto,2023-07-19,237,704.66,approved
20.467.197-68,Bonus indicacao,2024-06-10,322,793.05,pending
19.658.615-47,Bonus indicacao,2025-01-02,445,66.43,pending
18.006.524-80,Pagamento boleto,2024-04-19,242,726.54,pending
14.854.645-43,Pagamento servico,2024-03-22,34,222.64,pending
15.676.845-65,Pagamento fatura,2023-04-04,161,715.34,approved
18.353.223-66,Pagamento servico,2023-12-25,369,260.03,approved
15.187.288-47,Pagamento boleto,2025-02-25,395,555.47,approved
15.900.081-97,Pagamento boleto,2024-03-23,129,633.56,approved
13.455.980-89,Recarga celular,2023-04-03,397,357.57,approved
7.100.643-92,Compra online,2024-01-24,215,696.16,pending
25.532.925-71,Transferencia PIX,2024-09-04,313,381.65,approved
19.435.501-18,Pagamento fatura,2024-04-09,192,641.50,approved
10.540.781-75,Compra vestuario,2023-10-31,236,152.74,pending
15.527.669-43,Compra farmacia,2023-08-16,177,147.54,pending
22.552.994-89,Compra farmacia,2025-04-13,395,542.81,pending
7.912.537-54,Transferencia PIX,2023-03-22,498,419.36,pending
15.403.171-42,Compra online,2024-12-04,307,643.08,approved
17.900.846-24,Estorno parcial,2024-08-15,166,629.40,pending
3.162.350-25,Transferencia PIX,2024-06-03,441,379.60,approved
18.822.726-13,Estorno parcial,2023-09-01,197,196.69,approved
22.930.940-68,Compra supermercado,2023-07-18,68,215.10,approved
15.790.397-49,Compra farmacia,2023-09-15,211,676.27,approved
18.987.461-38,Bonus indicacao,2023-03-08,200,700.01,pending
14.300.002-84,Compra vestuario,2023-04-17,167,392.01,pending
10.128.898-36,Compra restaurante,2024-09-04,51,175.74,pending
23.634.618-92,Recarga celular,2025-01-06,244,192.12,rejected
14.187.011-19,Bonus indicacao,2023-11-06,488,777.03,approved
20.257.341-02,Pagamento fatura,2023-07-02,181,555.23,pending
7.742.600-01,Compra online,2024-03-28,257,601.14,pending
22.065.401-72,Cashback compra,2023-11-07,102,103.17,pending
12.754.841-07,Compra vestuario,2024-08-24,43,681.15,approved
7.071.451-40,Recarga celular,2024-10-18,416,599.87,rejected
26.455.021-41,Compra vestuario,2025-02-16,366,154.37,approved
6.285.294-01,Pagamento servico,2023-04-17,103,515.13,approved
13.429.212-47,Pagamento boleto,2024-08-02,303,273.31,approved
20.040.018-48,Compra online,2024-11-28,150,214.24,pending
21.990.410-72,Estorno parcial,2024-09-05,64,256.81,approved
10.825.505-99,Compra combustivel,2024-03-26,490,88.94,pending
17.591.352-99,Transferencia PIX,2024-08-12,309,362.18,approved
16.886.739-44,Cashback compra,2025-04-01,434,157.17,approved
11.104.548-82,Recarga celular,2023-07-05,443,629.65,pending
9.092.000-01,Compra combustivel,2023-01-13,76,138.77,pending
18.448.777-01,Compra restaurante,2023-10-20,179,74.42,pending
4.971.256-43,Assinatura streaming,2023-08-31,95,227.62,approved
15.906.517-97,Compra farmacia,2025-01-27,352,574.42,rejected
23.645.979-38,Compra online,2024-05-02,492,439.99,pending
13.411.188-16,Compra farmacia,2025-04-11,297,730.75,pending
24.894.892-76,Pagamento servico,2024-09-24,289,258.25,pending
21.633.859-11,Pagamento boleto,2024-07-16,400,725.77,approved
3.714.733-52,Compra vestuario,2024-12-15,362,496.11,rejected
8.126.064-84,Compra vestuario,2024-10-13,217,567.60,approved
10.630.214-00,Compra vestuario,2023-10-17,314,376.17,pending
12.964.387-13,Compra farmacia,2025-04-04,155,558.44,pending
17.452.366-97,Compra vestuario,2023-09-15,325,146.15,pending
18.700.561-52,Compra combustivel,2025-04-18,483,627.35,pending
2.360.637-81,Pagamento boleto,2024-10-21,360,38.92,approved
10.470.996-06,Compra vestuario,2023-07-12,377,510.63,pending
17.904.547-85,Compra farmacia,2024-09-28,233,288.31,pending
17.593.975-44,Compra restaurante,2024-02-05,91,414.45,approved
9.507.596-95,Compra restaurante,2024-12-24,469,29.66,rejected
5.249.521-56,Cashback compra,2023-03-15,308,426.72,rejected